{"tilejson":"2.0.0","scheme":"xyz","type":"baselayer","format":"pbf","tiles":["https://example.com/liechtenstein/{z}/{x}/{y}.pbf"],"bounds":[-126.586032,25.872816000000016,-55.896384,58.71903400000002],"name":"Tilemaker to OpenMapTiles schema","version":"3.0","description":"Tile config based on OpenMapTiles schema","minzoom":0,"maxzoom":14,"vector_layers":[{"id":"place","fields":{"class":"String","name:latin":"String","rank":"Number"},"minzoom":0,"maxzoom":14},{"id":"boundary","fields":{"admin_level":"Number","disputed":"Number"},"minzoom":0,"maxzoom":14},{"id":"poi","fields":{"class":"String","indoor":"Boolean","layer":"Number","level":"Number","name:latin":"String","rank":"Number","subclass":"String"},"minzoom":12,"maxzoom":14},{"id":"housenumber","fields":{"housenumber":"String"},"minzoom":14,"maxzoom":14},{"id":"waterway","fields":{"brunnel":"String","class":"String","intermittent":"Number","name:latin":"String"},"minzoom":8,"maxzoom":14},{"id":"transportation","fields":{"access":"String","bicycle":"String","brunnel":"String","class":"String","expressway":"Boolean","foot":"String","horse":"String","layer":"Number","oneway":"Number","ramp":"Number","service":"String","subclass":"String","surface":"String","toll":"Boolean"},"minzoom":4,"maxzoom":14},{"id":"transportation_name","fields":{"class":"String","name:latin":"String","network":"String","ref":"String","ref_length":"Number","subclass":"String"},"minzoom":8,"maxzoom":14},{"id":"building","fields":{"render_height":"Number","render_min_height":"Number"},"minzoom":13,"maxzoom":14},{"id":"water","fields":{"class":"String","intermittent":"String"},"minzoom":6,"maxzoom":14},{"id":"water_name","fields":{"class":"String","name:latin":"String"},"minzoom":14,"maxzoom":14},{"id":"aeroway","fields":{"class":"String","ref":"String"},"minzoom":11,"maxzoom":14},{"id":"aerodrome_label","fields":{"class":"String","ele":"Number","ele_ft":"Number","iata":"String","icao":"String","name:latin":"String"},"minzoom":10,"maxzoom":14},{"id":"park","fields":{"class":"String","name:latin":"String"},"minzoom":11,"maxzoom":14},{"id":"landuse","fields":{"class":"String"},"minzoom":4,"maxzoom":14},{"id":"landcover","fields":{"class":"String","indoor":"Boolean","layer":"Number","name:latin":"String","rank":"Number","subclass":"String"},"minzoom":0,"maxzoom":14},{"id":"mountain_peak","fields":{"class":"String","ele":"Number","ele_ft":"Number","name:latin":"String","rank":"Number"},"minzoom":11,"maxzoom":14}]}